{
  "source_state": "clean detached pre-change worktree",
  "commit": "bf22f01fb7ff91ead9e218c92217590f3e325be6",
  "host": "dh4.econ.ubc.ca",
  "python": "3.13.2",
  "jax": "0.10.1",
  "platform": "cpu",
  "machine": "arm64",
  "system": "macOS-26.5.2-arm64-arm-64bit-Mach-O",
  "repeat": 5,
  "timings": {
    "jvp-direct": {
      "median_seconds": 0.07278779207263142,
      "samples_seconds": [
        0.13908470806200057,
        0.07237845798954368,
        0.077925790916197,
        0.07278779207263142,
        0.07251624995842576
      ]
    },
    "jvp-direct_aux": {
      "median_seconds": 0.07628754095640033,
      "samples_seconds": [
        0.07799283403437585,
        0.07490358396898955,
        0.09312591701745987,
        0.07282354205381125,
        0.07628754095640033
      ]
    },
    "jvp-metric_factory": {
      "median_seconds": 0.075871542096138,
      "samples_seconds": [
        0.07700737495906651,
        0.075871542096138,
        0.07526808301918209,
        0.07774362491909415,
        0.07525787502527237
      ]
    },
    "jvp-vmapped": {
      "median_seconds": 0.09440029202960432,
      "samples_seconds": [
        0.09455000003799796,
        0.09034970798529685,
        0.09440029202960432,
        0.09393858292605728,
        0.09735654201358557
      ]
    },
    "vjp-direct": {
      "median_seconds": 0.07688095897901803,
      "samples_seconds": [
        0.07984333299100399,
        0.078109833993949,
        0.07688095897901803,
        0.07500262488611042,
        0.07514950004406273
      ]
    },
    "vjp-direct_aux": {
      "median_seconds": 0.08008724998217076,
      "samples_seconds": [
        0.08046387496870011,
        0.08017587510403246,
        0.07789454201702029,
        0.08008724998217076,
        0.07929745805449784
      ]
    },
    "vjp-metric_factory": {
      "median_seconds": 0.08370041602756828,
      "samples_seconds": [
        0.081987583078444,
        0.08512537507340312,
        0.08370041602756828,
        0.08076716598588973,
        0.10094508295878768
      ]
    },
    "vjp-vmapped": {
      "median_seconds": 0.0953964579384774,
      "samples_seconds": [
        0.09699699992779642,
        0.0953964579384774,
        0.09464875003322959,
        0.0932047920068726,
        0.09974129102192819
      ]
    }
  }
}
