{
  "commit": "bf22f01fb7ff91ead9e218c92217590f3e325be6",
  "host": "dh4.econ.ubc.ca",
  "python": "3.13.2",
  "jax": "0.10.1",
  "platform": "cpu",
  "machine": "arm64",
  "system": "macOS-26.5.2-arm64-arm-64bit-Mach-O",
  "repeat": 5,
  "timings": {
    "jvp-direct": {
      "median_seconds": 0.08026279206387699,
      "samples_seconds": [
        0.14503620797768235,
        0.08026279206387699,
        0.08541745797265321,
        0.0774772500153631,
        0.07710225007031113
      ]
    },
    "jvp-direct_aux": {
      "median_seconds": 0.08357283298391849,
      "samples_seconds": [
        0.08354025008156896,
        0.10251220897771418,
        0.09165129193570465,
        0.08289220905862749,
        0.08357283298391849
      ]
    },
    "jvp-metric_factory": {
      "median_seconds": 0.08829520794097334,
      "samples_seconds": [
        0.08709124999586493,
        0.08792245807126164,
        0.0886594170005992,
        0.08984899998176843,
        0.08829520794097334
      ]
    },
    "jvp-vmapped": {
      "median_seconds": 0.10110712493769825,
      "samples_seconds": [
        0.10221658402588218,
        0.09861279209144413,
        0.10110712493769825,
        0.09691408299840987,
        0.10419962496962398
      ]
    },
    "vjp-direct": {
      "median_seconds": 0.082867749966681,
      "samples_seconds": [
        0.08241079095751047,
        0.0839249580167234,
        0.08486954192630947,
        0.082867749966681,
        0.08261433395091444
      ]
    },
    "vjp-direct_aux": {
      "median_seconds": 0.08650154096540064,
      "samples_seconds": [
        0.08947970904409885,
        0.08613829198293388,
        0.09013641602359712,
        0.08650154096540064,
        0.08645962504670024
      ]
    },
    "vjp-metric_factory": {
      "median_seconds": 0.11384566698689014,
      "samples_seconds": [
        0.11768787505570799,
        0.10569300001952797,
        0.1298332919832319,
        0.10956891707610339,
        0.11384566698689014
      ]
    },
    "vjp-vmapped": {
      "median_seconds": 0.10314887505955994,
      "samples_seconds": [
        0.11199295800179243,
        0.10752104106359184,
        0.10314887505955994,
        0.10170191701035947,
        0.10271466698031873
      ]
    }
  }
}
