{
  "source_state": "current failed-implicit-AD working tree",
  "commit": "bf22f01fb7ff91ead9e218c92217590f3e325be6",
  "host": "dh4.econ.ubc.ca",
  "python": "3.13.2",
  "jax": "0.10.1",
  "platform": "cpu",
  "machine": "arm64",
  "system": "macOS-26.5.2-arm64-arm-64bit-Mach-O",
  "repeat": 5,
  "timings": {
    "jvp-direct": {
      "median_seconds": 0.08158937492407858,
      "samples_seconds": [
        0.14247645798604935,
        0.08023208403028548,
        0.07749837497249246,
        0.08158937492407858,
        0.08412362507078797
      ]
    },
    "jvp-direct_aux": {
      "median_seconds": 0.08229837496764958,
      "samples_seconds": [
        0.08378937491215765,
        0.08206058293581009,
        0.09597529098391533,
        0.0822609580354765,
        0.08229837496764958
      ]
    },
    "jvp-metric_factory": {
      "median_seconds": 0.0829591250512749,
      "samples_seconds": [
        0.08182970900088549,
        0.0911322080064565,
        0.0829591250512749,
        0.08317095797974616,
        0.0820137090049684
      ]
    },
    "jvp-vmapped": {
      "median_seconds": 0.09892500005662441,
      "samples_seconds": [
        0.09958187502343208,
        0.0981739159906283,
        0.10132612497545779,
        0.09835733298677951,
        0.09892500005662441
      ]
    },
    "vjp-direct": {
      "median_seconds": 0.08259791694581509,
      "samples_seconds": [
        0.08088108303491026,
        0.08337454102002084,
        0.08259791694581509,
        0.08273558295331895,
        0.0814515829551965
      ]
    },
    "vjp-direct_aux": {
      "median_seconds": 0.086689000017941,
      "samples_seconds": [
        0.08932254102546722,
        0.086689000017941,
        0.08798658300656825,
        0.08337195799686015,
        0.08414012496359646
      ]
    },
    "vjp-metric_factory": {
      "median_seconds": 0.09324900002684444,
      "samples_seconds": [
        0.09392733394633979,
        0.0928894589887932,
        0.11218887497670949,
        0.09316383302211761,
        0.09324900002684444
      ]
    },
    "vjp-vmapped": {
      "median_seconds": 0.10348095803055912,
      "samples_seconds": [
        0.10368583304807544,
        0.10131479194387794,
        0.10348095803055912,
        0.10620141704566777,
        0.102517917053774
      ]
    }
  }
}
