{
  "commit": "bf22f01fb7ff91ead9e218c92217590f3e325be6",
  "host": "dh4.econ.ubc.ca",
  "python": "3.13.2",
  "jax": "0.10.1",
  "platform": "cpu",
  "machine": "arm64",
  "system": "macOS-26.5.2-arm64-arm-64bit-Mach-O",
  "repeat": 5,
  "timings": {
    "jvp-direct": {
      "median_seconds": 0.06743350008036941,
      "samples_seconds": [
        0.13281870796345174,
        0.06713770900387317,
        0.0671046250499785,
        0.07241970906034112,
        0.06743350008036941
      ]
    },
    "jvp-direct_aux": {
      "median_seconds": 0.07436200010124594,
      "samples_seconds": [
        0.07127391593530774,
        0.0881998750846833,
        0.07436200010124594,
        0.07068016706034541,
        0.07440391695126891
      ]
    },
    "jvp-metric_factory": {
      "median_seconds": 0.07487162493634969,
      "samples_seconds": [
        0.07997183292172849,
        0.07487162493634969,
        0.07401741691865027,
        0.07637483405414969,
        0.07329020893666893
      ]
    },
    "jvp-vmapped": {
      "median_seconds": 0.08982925000600517,
      "samples_seconds": [
        0.08958566701039672,
        0.09325533302035183,
        0.09161033295094967,
        0.08982925000600517,
        0.08972375001758337
      ]
    },
    "vjp-direct": {
      "median_seconds": 0.07263470801990479,
      "samples_seconds": [
        0.07366804196499288,
        0.07263470801990479,
        0.0704995000269264,
        0.07194137503392994,
        0.07345204195007682
      ]
    },
    "vjp-direct_aux": {
      "median_seconds": 0.07833995809778571,
      "samples_seconds": [
        0.07833995809778571,
        0.07475195801816881,
        0.07408775005023926,
        0.07856575003825128,
        0.08248191711027175
      ]
    },
    "vjp-metric_factory": {
      "median_seconds": 0.08164737501647323,
      "samples_seconds": [
        0.08164737501647323,
        0.08380279201082885,
        0.07938379107508808,
        0.07619566703215241,
        0.09221433300990611
      ]
    },
    "vjp-vmapped": {
      "median_seconds": 0.08756337489467114,
      "samples_seconds": [
        0.08853404095862061,
        0.08815333305392414,
        0.08660775003954768,
        0.08756337489467114,
        0.08711320895235986
      ]
    }
  }
}
